method,substeps,dt,scenario,delta,dtype,status,first_failure_time,completed_steps,completed_time,forward_seconds,diagnostic_wall_seconds,min_determinant,min_variance,nonfinite_modes,nonpositive_diagonals,uncertainty_violations,n_x,n_x_sem,heating_residual_x,n_y,n_y_sem,heating_residual_y,n_z,n_z_sem,heating_residual_z,comparison_time,trajectory_mean_rms,terminal_mean_rms,covariance_rms,covariance_max_abs,Vxx_max_abs,Vpp_max_abs,Cxp_max_abs,paired_n_x,paired_n_x_sem,paired_n_y,paired_n_y_sem,paired_n_z,paired_n_z_sem,role,reference_valid,reference_trajectory_mean_rms,reference_covariance_max_abs,trajectory_error_above_reference_floor,benchmark_status,bptt_duration,bptt_forward_seconds,backward_seconds,bptt_total_seconds,bptt_finite,peak_process_rss_bytes,peak_cuda_allocated_bytes
platen,128,7.8125e-05,no_feedback,1.0,float64,ok,,38400,3.0,5.225208326242864,8.222751624998637,18.507786155172198,4.199272298680137,0,0,0,5.102403744195677,0.19929887964590026,-0.04759625580432303,5.12597795080871,0.1326748548318513,-0.024022049191290584,5.253703424188148,0.25500619862647517,0.10370342418814804,3.0,0.0004899020609777565,0.0006214021939251191,1.1215609710566974e-06,4.273226786213891e-06,4.214657982615222e-06,4.194986826355773e-06,4.273226786213891e-06,8.172502751990884e-05,6.629107549627192e-05,-0.0001167572894066071,5.2847358205640575e-05,-3.199417038320273e-05,1.744519478347544e-05,reference_halving_check,,,,,,,,,,,,
platen,256,3.90625e-05,no_feedback,1.0,float64,ok,,76800,3.0,10.479757112683728,15.548518792027608,18.507786030007907,4.199272265485032,0,0,0,5.102322019168158,0.19930373101850474,-0.047677980831842603,5.126094708098116,0.13267322590325978,-0.023905291901884063,5.2537354183585325,0.2550108779327934,0.10373541835853217,,,,,,,,,,,,,,,finer_reference,,,,,,,,,,,,
euler_maruyama,1,0.01,no_feedback,1.0,float64,nonfinite,0.5,102,1.01,0.009021126199513674,0.3544599579181522,-139515142340608.0,-inf,80,9440,11120,6.0803974465869344e+277,inf,6.0803974465869344e+277,20.545491011332143,3.694468702872996,15.494991011332143,5.310000116385696,0.16065457888562315,0.2595001163856958,1.01,2.374070521665655e+138,2.397693695758212e+139,inf,1.2698001776469638e+280,1.2698001776469638e+280,3.3327239102489914e+279,6.50530046445393e+279,6.0803974465869344e+277,inf,15.547707788975767,3.6955685437408805,0.13401386590274902,0.009168092628579054,candidate,True,0.0004899020609777565,4.273226786213891e-06,True,,,,,,,,
euler_maruyama,2,0.005,no_feedback,1.0,float64,nonfinite,0.9600000000000001,334,1.6600000000000001,0.02517503558192402,0.588202332961373,-5.2169698083459826e+19,-inf,80,17600,22800,6.480994228388919e+111,5.447376675458241e+111,6.480994228388919e+111,12.619443829331178,0.7848527417294721,7.536443829331178,5.411548172480576,0.20387119711674276,0.3285481724805761,1.6600000000000001,1.2500497537705625e+55,1.615420293956368e+56,7.15570657247808e+111,5.8107309992940125e+113,5.8107309992940125e+113,7.218183334064398e+112,2.047997110784959e+113,6.480994228388919e+111,5.447376675458241e+111,7.5904004147741535,0.721117602194729,0.16032202381801763,0.011135177024712464,candidate,True,0.0004899020609777565,4.273226786213891e-06,True,,,,,,,,
euler_maruyama,4,0.0025,no_feedback,1.0,float64,covariance_failure,2.0175,1200,3.0,0.0826707761734724,1.1065034590428695,-3243.350120374989,-71.9897954850284,0,35520,49760,25.55014469649403,2.2010199973735403,20.40014469649403,14.849188334770153,0.7815064388902013,9.699188334770152,5.46562583482991,0.26823645856085887,0.3156258348299099,3.0,1.4631742285316618,3.724457440604776,2.7074898136725416,75.86243726564754,75.86243726564754,53.40483130858141,53.719159829830936,20.44774095229835,2.087523968875486,9.723210383961442,0.6992267762891896,0.21192241064176193,0.014110744701063355,candidate,True,0.0004899020609777565,4.273226786213891e-06,True,,,,,,,,
euler_maruyama,8,0.00125,no_feedback,1.0,float64,ok,,2400,3.0,0.16231932677328587,1.280118334107101,17.66641444703991,3.488511579607057,0,0,0,8.779741242139336,0.4875133319383186,3.6297412421393354,7.774223869962933,0.2849232416988179,2.6242238699629326,5.356644685770637,0.26153463885710093,0.20664468577063655,3.0,0.5137065445109743,1.0649611072911918,0.08651181881296928,0.8208069321774688,0.8176938801704852,0.7844121426550297,0.8208069321774688,3.677337497943658,0.33386850968442106,2.6482459191542236,0.17974171706248177,0.10294126158248854,0.006966863339714829,candidate,True,0.0004899020609777565,4.273226786213891e-06,True,,,,,,,,
euler_maruyama,16,0.000625,no_feedback,1.0,float64,ok,,4800,3.0,0.31680103938560933,1.5332812500419095,18.485188701218732,4.197434538263376,0,0,0,6.397292804737161,0.28857748117649556,1.2472928047371603,6.145081551664555,0.1834179982527218,0.9950815516645548,5.30445309429184,0.2582075778673283,0.1544530942918394,3.0,0.2239698183785807,0.4463616122207677,0.020189755410392016,0.10743972762139473,0.10652632892623792,0.10464376829146982,0.10743972762139473,1.2948890605414833,0.1108214623614595,1.0191036008558467,0.06592677341417257,0.050749670103691476,0.0034371876737049755,candidate,True,0.0004899020609777565,4.273226786213891e-06,True,,,,,,,,
euler_maruyama,32,0.0003125,no_feedback,1.0,float64,ok,,9600,3.0,0.627865219139494,2.0946203749626875,18.50277201793514,4.1983553423589175,0,0,0,5.65755376898718,0.23537393682056135,0.5075537689871794,5.578653266973171,0.15323820912823205,0.4286532669731704,5.27896116561315,0.25660119939629084,0.1289611656131493,3.0,0.10510610613994736,0.20565397233478078,0.007795270247067289,0.02998329593750857,0.029945811306074432,0.029897363083038364,0.02998329593750857,0.5551500247915024,0.04618706199848267,0.45267531616446177,0.028431412626655436,0.02525774142500041,0.0017062990756903848,candidate,True,0.0004899020609777565,4.273226786213891e-06,True,,,,,,,,
euler_maruyama,64,0.00015625,no_feedback,1.0,float64,ok,,19200,3.0,1.243247860809788,3.2236325840931386,18.505549879394216,4.198814282200445,0,0,0,5.36085126905212,0.21572859765038682,0.21085126905212004,5.339854492540621,0.1420121005624762,0.18985449254062026,5.26626194331204,0.25580090099936614,0.11626194331203976,3.0,0.05096862434380802,0.09885668924981872,0.0035053605564801475,0.011686258785210235,0.011663879769186813,0.011686258785210235,0.011502765848248293,0.2584475248564438,0.02127966657675543,0.2138765417319104,0.013271479793744776,0.012558519123891866,0.0008465920391836547,candidate,True,0.0004899020609777565,4.273226786213891e-06,True,,,,,,,,
platen,1,0.01,no_feedback,1.0,float64,ok,,300,3.0,0.04469029256142676,1.011997291003354,18.498365258073648,4.199995213480463,0,0,0,5.3407266187786275,0.22027026673366923,0.19072661877862718,5.258541612321826,0.14285285346330537,0.10854161232182591,5.257302521372887,0.2551519462649988,0.10730252137288687,3.0,0.22743655539032548,0.4286563739371198,0.02634787101260058,0.10712018651666762,0.10707359328454569,0.10703702115318503,0.10712018651666762,0.2383228745829493,0.02743100261100798,0.1325636615131185,0.021216490097783675,0.0035990971847401094,0.0018506364269112027,candidate,True,0.0004899020609777565,4.273226786213891e-06,True,,,,,,,,
platen,2,0.005,no_feedback,1.0,float64,ok,,600,3.0,0.0887560547562316,1.104376208037138,18.50750516996954,4.199453309756235,0,0,0,5.1337570325808635,0.19985443312730716,-0.01624296741913689,5.157025012021868,0.1360047397823634,0.0070250120218675605,5.254588715288908,0.2544842814684327,0.10458871528890779,3.0,0.06410396027876977,0.1113605821804165,0.006209977762674227,0.023897380998910478,0.023897380998910478,0.023885427116196567,0.023534427907752613,0.03135328838518618,0.007922461148821612,0.031047061213159192,0.006935752412596919,0.0008852911007603116,0.0009583746168999718,candidate,True,0.0004899020609777565,4.273226786213891e-06,True,,,,,,,,
platen,4,0.0025,no_feedback,1.0,float64,ok,,1200,3.0,0.17229284450877458,1.2307334169745445,18.50772937846698,4.199317550567449,0,0,0,5.109309221161132,0.19866351730175286,-0.040690778838868624,5.13378744009424,0.13321161478445465,-0.016212559905760315,5.254033986420037,0.2549244629829969,0.10403398642003658,3.0,0.022385171832089025,0.0335027881488556,0.0015326795138001581,0.005844573301678792,0.005770774750172514,0.005747865491597004,0.005844573301678792,0.006905476965453707,0.002566172853545189,0.007809489285530832,0.0019200202064226784,0.0003305622318885504,0.000673306793566549,candidate,True,0.0004899020609777565,4.273226786213891e-06,True,,,,,,,,
platen,8,0.00125,no_feedback,1.0,float64,ok,,2400,3.0,0.3334330426296219,1.4323721250984818,18.507777332773447,4.1992835820082846,0,0,0,5.104209069642572,0.1995765847016909,-0.04579093035742865,5.127298944882021,0.13249035921212043,-0.022701055117979152,5.25354393382545,0.25502190811951264,0.10354393382545002,3.0,0.009510865324780455,0.012774178297941634,0.00038147158059574697,0.0014539705668778768,0.0014289747781006668,0.0014221152620486066,0.0014539705668778768,0.0018053254468943626,0.0014162798415026023,0.0013209940733127645,0.0013144880507900047,-0.00015949036269721547,0.00036170108684759154,candidate,True,0.0004899020609777565,4.273226786213891e-06,True,,,,,,,,
platen,16,0.000625,no_feedback,1.0,float64,ok,,4800,3.0,0.661357733537443,1.8805305829737335,18.507787816533504,4.199275086729145,0,0,0,5.102544484382198,0.19925786146548904,-0.047455515617802035,5.125833250421264,0.13258993552655984,-0.024166749578736102,5.253548531061206,0.2549886235543723,0.10354853106120565,3.0,0.004508185549074543,0.005559383651610905,9.422796336891843e-05,0.00035911220146474937,0.00035327200960111327,0.00035155878672110674,0.00035911220146474937,0.00014074018652122648,0.000575318475183948,-0.00014470038744495814,0.0005731956813905217,-0.00015489312694117355,0.00016313842926337114,candidate,True,0.0004899020609777565,4.273226786213891e-06,True,,,,,,,,
platen,32,0.0003125,no_feedback,1.0,float64,ok,,9600,3.0,1.3228917347732931,2.7991960829822347,18.507788620967034,4.199272962546712,0,0,0,5.1023270868510044,0.19924310481649285,-0.04767291314899591,5.125942487791947,0.13255878784654312,-0.024057512208053744,5.253668086012172,0.25500109303100027,0.10366808601217148,3.0,0.002196615757801122,0.002670981351942212,2.2433399645696887e-05,8.548690508781293e-05,8.420258061914154e-05,8.380075119251984e-05,8.548690508781293e-05,-7.665734467257827e-05,0.0003353035263344934,-3.5463016762770014e-05,0.0003389475793143567,-3.5338175977025486e-05,8.543093115479464e-05,candidate,True,0.0004899020609777565,4.273226786213891e-06,False,,,,,,,,
platen,64,0.00015625,no_feedback,1.0,float64,ok,,19200,3.0,2.65157561970409,4.682499666931108,18.507786652925475,4.19927243145765,0,0,0,5.102503413271191,0.19933558328718137,-0.0474965867288093,5.125878371598986,0.13266176837712404,-0.02412162840101395,5.253655131660923,0.2550031813853003,0.10365513166092288,3.0,0.000981081199423834,0.0012342202506056667,4.486436994831638e-06,1.7094925316561704e-05,1.685131044482091e-05,1.6771902116019533e-05,1.7094925316561704e-05,9.966907551314355e-05,0.00012094084012739256,-9.957920972267666e-05,0.00015341006086467412,-4.829252722580391e-05,3.528874399627099e-05,candidate,True,0.0004899020609777565,4.273226786213891e-06,False,,,,,,,,
platen,128,7.8125e-05,modulation_minus,1.0,float64,ok,,38400,3.0,5.2881261019501835,8.326439915923402,19.640353117120654,4.0511515104282765,0,0,0,4.847015612779462,0.19632027184451978,,5.111097592318346,0.10259557502794384,,5.238460077384085,0.25824214742685336,,3.0,0.00045993534972473254,0.0005806186241958409,3.903099356949786e-06,1.76488078666992e-05,1.76488078666992e-05,1.5877082833348766e-05,1.674665723446281e-05,2.7727266196819752e-05,5.862312085660585e-05,-5.5939342647723936e-05,3.58713632554164e-05,-3.0545064648668234e-05,1.85633745217087e-05,reference_halving_check,,,,,,,,,,,,
platen,256,3.90625e-05,modulation_minus,1.0,float64,ok,,76800,3.0,10.615336604067124,15.712340291007422,19.640352875130336,4.051151481956822,0,0,0,4.8469878855132675,0.19633408876463793,,5.111153531660994,0.10259499900046673,,5.238490622448733,0.25824830921489406,,,,,,,,,,,,,,,,finer_reference,,,,,,,,,,,,
euler_maruyama,1,0.01,modulation_minus,1.0,float64,nonfinite,0.36000000000000004,89,0.88,0.006815208122134209,0.29489654197823256,-2.4948003869184e+291,-inf,80,9840,12400,-1.6731898568487403e+154,inf,,23.063286715580816,4.998778307281649,,5.2497164971842905,0.13305837260290485,,0.88,2.5430041584145844e+76,2.399065324922467e+77,inf,2.0612890128313187e+156,2.0612890128313187e+156,3.288512032405534e+150,2.603569419270613e+153,-1.6731898568487403e+154,inf,18.063898333504927,4.989858799725347,0.08739013920787699,0.006303572592755503,candidate,True,0.00045993534972473254,1.76488078666992e-05,True,,,,,,,,
euler_maruyama,2,0.005,modulation_minus,1.0,float64,nonfinite,0.7100000000000001,300,1.49,0.02151266299188137,0.5156822500284761,-4.048662947482829e+16,-inf,80,22480,30000,-2.336668264393685e+79,1.5149713686055148e+80,,9.029018381962128,0.6163848574335588,,5.3075060508209795,0.1746224194968237,,1.49,2.249935916934614e+39,2.7555974752254014e+40,2.676755613852279e+80,2.047303066831014e+82,2.7742553209744124e+81,2.047303066831014e+82,7.536405925109908e+81,-2.336668264393685e+79,1.5149713686055148e+80,4.0547715214878375,0.5403956707434381,0.11205587468939501,0.008910098560287322,candidate,True,0.00045993534972473254,1.76488078666992e-05,True,,,,,,,,
euler_maruyama,4,0.0025,modulation_minus,1.0,float64,nonfinite,1.51,1128,2.81,0.07732725061941892,1.046028250013478,-1.439652414253823e+163,-inf,80,60400,82400,8.888825729515191e+22,1.0716812934818341e+23,,11.567977321341157,0.7743495097844888,,5.405304902572427,0.2607925381913563,,2.81,50372574669.37876,845899373819.2759,1.578406719518908e+23,1.488648824090648e+25,1.488648824090648e+25,4.8021191320208387e+24,8.454980188637952e+24,8.888825729515191e+22,1.0716812934818341e+23,6.506477221436598,0.7178745119841807,0.16776526502840042,0.012651691789165503,candidate,True,0.00045993534972473254,1.76488078666992e-05,True,,,,,,,,
euler_maruyama,8,0.00125,modulation_minus,1.0,float64,ok,,2400,3.0,0.1612471860134974,1.251776208053343,10.613620183213355,1.7627979355378411,0,0,0,7.401050742145616,0.43111683982850085,,7.135997257551028,0.22375798446749903,,5.329947461585528,0.26465586347280035,,3.0,0.4290246423967203,0.8755600969661215,0.28031181593747284,2.8597414944790183,2.8597414944790183,2.3989837313769686,2.5892756405518886,2.5540351293661527,0.26511131045664443,2.024899665232681,0.1563027642263851,0.09148738420144342,0.006969222460872906,candidate,True,0.00045993534972473254,1.76488078666992e-05,True,,,,,,,,
euler_maruyama,16,0.000625,modulation_minus,1.0,float64,ok,,4800,3.0,0.31523620104417205,1.526426333002746,19.313473981068963,3.840286193756101,0,0,0,5.779387832431579,0.27605770253684137,,5.919690972578966,0.13973167011503698,,5.283624685914613,0.2613917702785094,,3.0,0.18797357522160563,0.36798259869158106,0.06871758298759367,0.42821853548352884,0.42821853548352884,0.370699590484842,0.39086577245913606,0.9323722196521168,0.09512289239107335,0.8085933802606191,0.05717078799546005,0.04516460853052901,0.0034479714465240874,candidate,True,0.00045993534972473254,1.76488078666992e-05,True,,,,,,,,
euler_maruyama,32,0.0003125,modulation_minus,1.0,float64,ok,,9600,3.0,0.6243232112610713,2.0880024580983445,19.586560011705213,4.034959896555334,0,0,0,5.254908210224458,0.2298537236270096,,5.475941833788477,0.11679937094405995,,5.2609283198445524,0.259812638838698,,3.0,0.08869219636925471,0.170640428152922,0.026448182318108793,0.1282630941290348,0.1282630941290348,0.1132540958569841,0.11826682267281469,0.40789259744499606,0.04103057463034928,0.3648442414701304,0.024690791371139303,0.022468242460466196,0.0017137465541698317,candidate,True,0.00045993534972473254,1.76488078666992e-05,True,,,,,,,,
euler_maruyama,64,0.00015625,modulation_minus,1.0,float64,ok,,19200,3.0,1.251932879909873,3.233424709062092,19.625966106788017,4.050528481941287,0,0,0,5.038441410712092,0.21174321305233854,,5.284893540289178,0.10891904017652124,,5.249622075341319,0.2590269121451986,,3.0,0.04314022123542662,0.08233833922468294,0.011823395001703145,0.05098128923865186,0.05098128923865186,0.04588636359431941,0.04715536947973298,0.1914257979326291,0.01915069063609539,0.17379594797083162,0.011611760746363036,0.011161997957235463,0.0008523234650888524,candidate,True,0.00045993534972473254,1.76488078666992e-05,True,,,,,,,,
platen,1,0.01,modulation_minus,1.0,float64,ok,,300,3.0,0.04523627657908946,1.0161281670443714,19.53602722748464,4.003241986249405,0,0,0,4.969393264158149,0.21209117507395991,,5.220343348825059,0.09996272214641938,,5.241579772255169,0.25829462883492144,,3.0,0.18442952700343054,0.337271573640852,0.09185055782463532,0.43636567678967353,0.43636567678967353,0.39403353134327634,0.4125785756167386,0.1223776513786865,0.028079086715344634,0.10924575650671232,0.020542973076413864,0.0031196948710839408,0.0016459147794804303,candidate,True,0.00045993534972473254,1.76488078666992e-05,True,,,,,,,,
platen,2,0.005,modulation_minus,1.0,float64,ok,,600,3.0,0.08667925396002829,1.0735456669935957,19.638018957370768,4.051306200145825,0,0,0,4.859405726801026,0.19652705439860632,,5.134508924989527,0.10252008198983364,,5.239509093325687,0.2576981381612171,,3.0,0.054183039812071,0.09063662540681733,0.021596486393631036,0.09847241789338224,0.09847241789338224,0.08873567228368806,0.09328891472128376,0.012390114021563316,0.005256004079610931,0.02341133267117975,0.007900116095058614,0.0010490159416021937,0.0010417319160802058,candidate,True,0.00045993534972473254,1.76488078666992e-05,True,,,,,,,,
platen,4,0.0025,modulation_minus,1.0,float64,ok,,1200,3.0,0.16940983361564577,1.1954849580070004,19.640494288905128,4.0511902529073565,0,0,0,4.847878593328468,0.19606504177783576,,5.118702992399022,0.10236075294778686,,5.2391094508143645,0.25815958068434874,,3.0,0.020319745546750232,0.029694228866085942,0.005332992149337858,0.024167300669213354,0.024167300669213354,0.02170078687685173,0.02289210111833731,0.0008629805490045196,0.0027706636311691387,0.0076054000806755695,0.002486528102494555,0.0006493734302798258,0.0005660088005079965,candidate,True,0.00045993534972473254,1.76488078666992e-05,True,,,,,,,,
platen,8,0.00125,modulation_minus,1.0,float64,ok,,2400,3.0,0.33543066133279353,1.4259237090591341,19.640411542676482,4.051161179650994,0,0,0,4.845528869587542,0.1960444659928618,,5.112799109808782,0.10265155991511923,,5.238365668624454,0.2582367441053173,,3.0,0.008777441301981968,0.01164827772657941,0.001327512534395365,0.006003701066831013,0.006003701066831013,0.005393200703237788,0.0056926965034373375,-0.0014867431919204357,0.0010200628330569528,0.0017015174904352216,0.0012059029273515478,-9.440875963004247e-05,0.00032256062938918763,candidate,True,0.00045993534972473254,1.76488078666992e-05,True,,,,,,,,
platen,16,0.000625,modulation_minus,1.0,float64,ok,,4800,3.0,0.6657670947024599,1.8854335829382762,19.640370632841492,4.0511539007554545,0,0,0,4.845661131994977,0.19611910661619952,,5.111330897986527,0.10252088056012722,,5.238369443739806,0.25822113807693253,,3.0,0.004166260124549542,0.005200367691884187,0.0003279172137585988,0.0014827044474667872,0.0014827044474667872,0.0013324749168948102,0.001406481290338088,-0.0013544807844856155,0.0005131994989749393,0.00023330566817975957,0.00044376253885987664,-9.063364427751576e-05,0.0001552422732527207,candidate,True,0.00045993534972473254,1.76488078666992e-05,True,,,,,,,,
platen,32,0.0003125,modulation_minus,1.0,float64,ok,,9600,3.0,1.3271147758932784,2.809020208893344,19.64035766133631,4.05115207972393,0,0,0,4.847035047408985,0.19632538787017587,,5.110916971898102,0.10239409358926654,,5.238433161005195,0.25823713874328535,,3.0,0.0021331657481747607,0.00267529333574083,7.806940599343374e-05,0.00035300303650664944,0.00035300303650664944,0.0003174147111923986,0.00033491542364629326,1.943462952263889e-05,0.00028448417397375976,-0.00018062042024529656,0.00036908632112620714,-2.6916378890219358e-05,8.158779625056757e-05,candidate,True,0.00045993534972473254,1.76488078666992e-05,False,,,,,,,,
platen,64,0.00015625,modulation_minus,1.0,float64,ok,,19200,3.0,2.6413469979306683,4.638049999950454,19.64035406222539,4.051151624303624,0,0,0,4.8470650347720845,0.1963257780047449,,5.111003400844048,0.10257415555955979,,5.23840754987669,0.25824160253717793,,3.0,0.0009326797402456929,0.0011722787790986089,1.5613054995041376e-05,7.059782057883268e-05,7.059782057883268e-05,6.349876156974688e-05,6.698581149369373e-05,4.942199262126468e-05,0.00010309937762213926,-9.419147430042133e-05,0.0001396574875888968,-5.252750739433876e-05,3.132181633135783e-05,candidate,True,0.00045993534972473254,1.76488078666992e-05,False,,,,,,,,
platen,128,7.8125e-05,modulation_plus,1.0,float64,ok,,38400,3.0,5.302549076033756,8.319769749999978,17.503014684120842,3.9211328429880834,0,0,0,5.430958032255171,0.27196804909102484,,5.013139748217381,0.1620420957567867,,5.2944228273531815,0.2564606899915133,,3.0,0.0005170677980986691,0.0006312845676846585,4.3652437415819585e-06,1.952222743017984e-05,1.7774011450200078e-05,1.952222743017984e-05,1.8607270477297155e-05,6.347257130843942e-05,5.572278847215152e-05,-0.00011920680237183291,4.814748874403595e-05,-3.250686860217012e-05,1.6221765177824466e-05,reference_halving_check,,,,,,,,,,,,
platen,256,3.90625e-05,modulation_plus,1.0,float64,ok,,76800,3.0,10.876677592284977,16.211904499912634,17.50301460225262,3.9211332000589447,0,0,0,5.430894559683864,0.2719671226032176,,5.0132589550197535,0.16206304665169685,,5.294455334221784,0.25646342573129904,,,,,,,,,,,,,,,,finer_reference,,,,,,,,,,,,
euler_maruyama,1,0.01,modulation_plus,1.0,float64,nonfinite,0.31,77,0.76,0.006448499741964042,0.2654962909873575,-688805967298560.0,-inf,80,8960,10800,4.377405345656864e+278,inf,,21.54205511804996,6.125662678156229,,5.154639756230357,0.1161451336447994,,0.76,7.879795227595822e+138,6.914492250209574e+139,inf,9.39570265483699e+280,9.39570265483699e+280,4.071877199494115e+280,6.18531708269326e+280,4.377405345656864e+278,inf,16.59039099084632,6.0662873805364015,0.08333785887271282,0.005397625566178832,candidate,True,0.0005170677980986691,1.952222743017984e-05,True,,,,,,,,
euler_maruyama,2,0.005,modulation_plus,1.0,float64,nonfinite,0.6,247,1.23,0.01869215874467045,0.44338566705118865,-747862723919872.0,-inf,80,17840,23840,1.1435880694447413e+276,inf,,10.47985927339796,0.5240852244730209,,5.248004335273852,0.16664428239472645,,1.23,1.9598924271110005e+137,2.182443842129813e+138,inf,6.773198674470579e+277,6.773198674470579e+277,5.228808558790959e+277,5.951114114135549e+277,1.1435880694447413e+276,inf,5.4537964389157505,0.4821824392238639,0.10373524560172687,0.007180155254177048,candidate,True,0.0005170677980986691,1.952222743017984e-05,True,,,,,,,,
euler_maruyama,4,0.0025,modulation_plus,1.0,float64,nonfinite,1.26,941,2.35,0.06720129947643727,0.9103767920751125,-79494727598080.0,-inf,80,50960,69040,-6.297556916243397e+260,inf,,12.022563738228678,0.5042616474792097,,5.487750188377404,0.24601918420603064,,2.35,3.5168768300174156e+129,5.40272870173318e+130,inf,8.459949135227584e+262,8.459949135227584e+262,1.5564054753805442e+262,3.628651423808729e+262,-6.297556916243397e+260,inf,6.946657138257511,0.43066689947716164,0.1626522898941142,0.010351685833733321,candidate,True,0.0005170677980986691,1.952222743017984e-05,True,,,,,,,,
euler_maruyama,8,0.00125,modulation_plus,1.0,float64,covariance_failure,2.8025,2400,3.0,0.1657175428699702,1.310863499995321,-8.7760727871767,-0.9350429134470178,0,3600,12720,10.045739093383988,0.5752302348870076,,8.212734370867144,0.31407464473581354,,5.411140327283076,0.26365331456693164,,3.0,0.6010394538390983,1.2587896690189748,0.4200743957974442,4.855824668573463,4.852864441287787,4.855824668573463,4.422687768232905,4.6147810611288165,0.36612263439373605,3.1995946226497622,0.1846375052734085,0.11671749992989609,0.007655362974994674,candidate,True,0.0005170677980986691,1.952222743017984e-05,True,,,,,,,,
euler_maruyama,16,0.000625,modulation_plus,1.0,float64,ok,,4800,3.0,0.32052888884209096,1.5809294589562342,17.052651479048855,3.4384762509463522,0,0,0,7.040632480483505,0.3729668475554898,,6.170227060555188,0.21442694926099756,,5.351871968381423,0.25998462544815903,,3.0,0.25600016608317705,0.5111310494101201,0.07890322252050565,0.5217542838533218,0.4914516108013167,0.5217542838533218,0.48575285830983383,1.6096744482283318,0.11631145302597969,1.1570873123378078,0.06680534449583965,0.05744914102824206,0.003771004572129206,candidate,True,0.0005170677980986691,1.952222743017984e-05,True,,,,,,,,
euler_maruyama,32,0.0003125,modulation_plus,1.0,float64,ok,,9600,3.0,0.6577584348851815,2.2231004579225555,17.445084548425402,3.802573428499189,0,0,0,6.116348032713762,0.3156725646272744,,5.516284887594043,0.18404540805954112,,5.323014383046427,0.2582173552769913,,3.0,0.11928637054473874,0.23340165247604588,0.02816130412950858,0.13760236364311051,0.12707141754148976,0.13760236364311051,0.12872637342763063,0.6853900004585909,0.0492618499259279,0.5031451393766616,0.028881888202244983,0.028591555693246735,0.001873340669734962,candidate,True,0.0005170677980986691,1.952222743017984e-05,True,,,,,,,,
euler_maruyama,64,0.00015625,modulation_plus,1.0,float64,ok,,19200,3.0,1.2742669566068798,3.319329333025962,17.487905392899787,3.881855497949796,0,0,0,5.748856304665751,0.2924851233566213,,5.24853034049549,0.1722970487487073,,5.308650737621009,0.2573338903975962,,3.0,0.05763778757146862,0.11170849984508513,0.01225659172655312,0.05214767902131889,0.04741391663720229,0.05214767902131889,0.04855060079781928,0.3178982724105795,0.02288814769128536,0.23539059227810966,0.01352760065485188,0.014227910267826627,0.0009278284049431399,candidate,True,0.0005170677980986691,1.952222743017984e-05,True,,,,,,,,
platen,1,0.01,modulation_plus,1.0,float64,ok,,300,3.0,0.04825970088131726,1.0614657909609377,17.290887837043247,3.7251612620494408,0,0,0,5.65336904909073,0.28742889636364266,,5.126760392833718,0.16970456222070765,,5.298499789084475,0.25682073600160954,,3.0,0.2673769722085803,0.5035083732693736,0.10411569590493384,0.4950380909348695,0.45799567376166284,0.4950380909348695,0.4752520588294812,0.22241101683555936,0.032532222268799066,0.11362064461633739,0.020009598385402873,0.004076961731293879,0.0021793618239179815,candidate,True,0.0005170677980986691,1.952222743017984e-05,True,,,,,,,,
platen,2,0.005,modulation_plus,1.0,float64,ok,,600,3.0,0.08777863276191056,1.0830543340416625,17.500893860750935,3.923606642916487,0,0,0,5.457266203605772,0.27387326999355144,,5.035730323154663,0.16757013830781062,,5.295076135631076,0.25602735145961414,,3.0,0.0731897428406826,0.12815072952779827,0.024263765541295713,0.1097987924340984,0.09986946685378761,0.1097987924340984,0.10449609525547374,0.02630817135060101,0.009861319102358887,0.022590574937282563,0.007908993309902914,0.0006533082778946932,0.0009658324848843152,candidate,True,0.0005170677980986691,1.952222743017984e-05,True,,,,,,,,
platen,4,0.0025,modulation_plus,1.0,float64,ok,,1200,3.0,0.16997878474649042,1.2148421671008691,17.50310816900842,3.9206461060017386,0,0,0,5.436984777818849,0.2714268973554965,,5.018372445110595,0.16275809885248604,,5.294572394245947,0.25642783564392657,,3.0,0.024715357534012907,0.03788703968135995,0.005968346913338658,0.0267677314235506,0.024287794927457362,0.0267677314235506,0.02547172041464064,0.0060267455636779195,0.004161917811536177,0.0052326968932151765,0.0014780704712785992,0.00014956689276756307,0.0007657707766923918,candidate,True,0.0005170677980986691,1.952222743017984e-05,True,,,,,,,,
platen,8,0.00125,modulation_plus,1.0,float64,ok,,2400,3.0,0.35677614342421293,1.5376446670852602,17.503040287445433,3.92097905444478,0,0,0,5.434237732510872,0.27239728903247057,,5.014002513924858,0.16201979707969164,,5.2942017436664734,0.2564899372164851,,3.0,0.010180974992014726,0.013711042405493788,0.0014847588184519595,0.0066373019131980016,0.006036314688332212,0.0066373019131980016,0.006323059535624179,0.0032797002556997847,0.0017145662755952194,0.0008627657074777148,0.0008536223918610353,-0.00022108368670694883,0.0004210750227059793,candidate,True,0.0005170677980986691,1.952222743017984e-05,True,,,,,,,,
platen,16,0.000625,modulation_plus,1.0,float64,ok,,4800,3.0,0.6729088432621211,1.9444565830053762,17.503021301485905,3.921097248935503,0,0,0,5.431935417228077,0.2723377847242162,,5.013233892015949,0.16203090679057863,,5.294203099138217,0.2564458789947833,,3.0,0.004880351178280175,0.006149126646348398,0.00036674391251450455,0.0016392740095119152,0.0014919048561017334,0.0016392740095119152,0.0015620848746544722,0.000977384972905575,0.0007770448116929996,9.41437985675897e-05,0.0006019458876964832,-0.00021972821496363707,0.00017583409127592842,candidate,True,0.0005170677980986691,1.952222743017984e-05,True,,,,,,,,
platen,32,0.0003125,modulation_plus,1.0,float64,ok,,9600,3.0,1.3325937205227092,2.8535642499336973,17.503016294366876,3.921125022084169,0,0,0,5.431233222974583,0.2719734903867331,,5.0134124463549385,0.16186733730723982,,5.294376576297857,0.2564586505913879,,3.0,0.0022799859942698687,0.002793386834992703,8.731335037547846e-05,0.0003903729522924948,0.00035536538313341026,0.0003903729522924948,0.000372035799530851,0.00027519071941216496,0.0002574674939395123,0.00027269813755841695,0.0002951960512937517,-4.62510553243778e-05,9.159556256079456e-05,candidate,True,0.0005170677980986691,1.952222743017984e-05,False,,,,,,,,
platen,64,0.00015625,modulation_plus,1.0,float64,ok,,19200,3.0,2.6888618981465697,4.744022375089116,17.503015009502562,3.921131358731817,0,0,0,5.431157126759358,0.2719492933125392,,5.013073737592731,0.1620172335402927,,5.294380834008845,0.25645720957542695,,3.0,0.0010228285006537868,0.001267782670199873,1.7461744831570635e-05,7.808347356963452e-05,7.108765149421714e-05,7.808347356963452e-05,7.442086732167841e-05,0.00019909450418663987,0.000130309511857078,-6.601062464947071e-05,0.00016632080263932086,-4.1993344334905196e-05,4.022014205437724e-05,candidate,True,0.0005170677980986691,1.952222743017984e-05,False,,,,,,,,
platen,128,7.8125e-05,seeded_policy,1.0,float64,ok,,38400,3.0,5.759972389088944,8.869975500041619,18.255104690852846,3.6380192274751795,0,0,0,5.183867883369894,0.19323411339678678,,5.1381991154943885,0.1317641351217432,,5.25575913164904,0.25893514475042717,,3.0,0.0004950279274858211,0.0006290954383394869,4.423759594800648e-05,0.0003377956310686159,0.00030706133370461686,0.0003377956310686159,0.0002960389586978973,9.098685480906865e-05,6.911663129309895e-05,-0.00011873468388703735,5.323329584266935e-05,-3.224436311597079e-05,1.7370798055553738e-05,reference_halving_check,,,,,,,,,,,,
platen,256,3.90625e-05,seeded_policy,1.0,float64,ok,,76800,3.0,11.653892093454488,16.94402920792345,18.25509671997205,3.6379738722015365,0,0,0,5.183776896515083,0.19323691657633058,,5.138317850178275,0.13175494877540167,,5.255791376012158,0.25893986457866924,,,,,,,,,,,,,,,,finer_reference,,,,,,,,,,,,
euler_maruyama,1,0.01,seeded_policy,1.0,float64,nonfinite,0.43,91,0.9,0.023723833030089736,0.40942062495741993,-1.0726246343954078e+155,-inf,1,6607,8684,9.575382832882416e+164,inf,,15.11532107762828,1.396178874917347,,5.264893717783069,0.1428651236809634,,0.9,3.584339688359385e+81,3.4192421399206154e+82,inf,1.0217416837733075e+168,1.0217416837733075e+168,2.5208909770364415e+167,5.075134866667241e+167,9.575382832882416e+164,inf,10.157706220790825,1.3609768593711182,0.10499244488740583,0.007673209751397351,candidate,True,0.0004950279274858211,0.0003377956310686159,True,ok,0.1,0.007080917013809085,0.027872415957972407,0.03495333297178149,True,224919552,
euler_maruyama,2,0.005,seeded_policy,1.0,float64,nonfinite,0.775,300,1.49,0.035265449550934136,0.5477974159875885,-1.5914343565113173e+89,-inf,1,12312,17213,-2.4418105992610326e+107,2.4418105992610313e+107,,10.732772146002949,0.4951379504470126,,5.302406577501886,0.17421642483136482,,1.49,5.918223403756319e+52,7.248313761500225e+53,2.1387263126180573e+108,1.477105471387168e+111,1.477105471387168e+111,1.7449748173828235e+110,5.076920178798356e+110,-2.4418105992610326e+107,2.4418105992610313e+107,5.740441814946573,0.4022283058194639,0.1266101197948103,0.0091485357581784,candidate,True,0.0004950279274858211,0.0003377956310686159,True,ok,0.1,0.003388750017620623,0.01464099995791912,0.018029749975539744,True,235405312,
euler_maruyama,4,0.0025,seeded_policy,1.0,float64,nonfinite,1.4675,1060,2.64,0.10057797923218459,1.0509803749155253,-7.662477704329444e+53,-inf,1,22751,34713,-9.418922419307508e+31,9.418922419307504e+31,,11.65808146301451,0.5151713907705663,,5.463770377764333,0.282278919069569,,2.64,199274499337514.34,3243953824092986.0,1.729827127676565e+32,1.60955340403364e+35,1.5003185696390149e+34,1.60955340403364e+35,4.914105066944905e+34,-9.418922419307508e+31,9.418922419307504e+31,6.556369548484051,0.43718368557354487,0.17738237769596063,0.013002098258923213,candidate,True,0.0004950279274858211,0.0003377956310686159,True,ok,0.1,0.005602875025942922,0.017585334018804133,0.023188209044747055,True,227655680,
euler_maruyama,8,0.00125,seeded_policy,1.0,float64,ok,,2400,3.0,0.19636389310471714,1.333443749928847,3.719344393515887,0.5888609540722523,0,0,0,8.997159739258322,0.45039086283094343,,7.792717273990334,0.27166022021987846,,5.360188343356454,0.265613661092658,,3.0,0.5194135820299263,1.081960047255257,0.15879541895333923,3.712996526421286,3.712996526421286,3.3403581652574728,3.139864358154737,3.81329185588843,0.303816686171521,2.6545181584959456,0.1692636732277405,0.10442921170741272,0.007213847913647194,candidate,True,0.0004950279274858211,0.0003377956310686159,True,ok,0.1,0.008837874978780746,0.024775875033810735,0.03361375001259148,True,234078208,
euler_maruyama,16,0.000625,seeded_policy,1.0,float64,ok,,4800,3.0,0.37564204866066575,1.664758334052749,17.934688856193702,3.5225947561030018,0,0,0,6.521895004389488,0.27278762791214056,,6.162580141723798,0.17907743875219134,,5.30702662099559,0.26224664803862635,,3.0,0.22616443173335526,0.4521497602433471,0.04195363056141897,0.5538461317175054,0.5538461317175054,0.5207658692099022,0.5149062635739715,1.338027121019595,0.10176118901490634,1.0243810262294097,0.06307544087063073,0.05126748934654892,0.0035786773545136994,candidate,True,0.0004950279274858211,0.0003377956310686159,True,ok,0.1,0.016836083959788084,0.038769165985286236,0.05560524994507432,True,264306688,
euler_maruyama,32,0.0003125,seeded_policy,1.0,float64,ok,,9600,3.0,0.7000293483724818,2.199263458023779,18.212109808847845,3.614384606447696,0,0,0,5.757177125078532,0.22535256657307234,,5.593536147846123,0.1510828199965956,,5.281235307454418,0.2605932197229915,,3.0,0.10612063174907677,0.20823428644137015,0.01695201881359542,0.17408146537633673,0.17174351354600237,0.17408146537633673,0.16678472588651289,0.5733092417086391,0.04255529866954365,0.4553370323517348,0.0273594109115632,0.025476175805377185,0.001777504686328488,candidate,True,0.0004950279274858211,0.0003377956310686159,True,ok,0.1,0.03102437499910593,0.06718616699799895,0.09821054199710488,True,276119552,
euler_maruyama,64,0.00015625,seeded_policy,1.0,float64,ok,,19200,3.0,1.382002032129094,3.4056082499446347,18.23902542049863,3.6260196624450654,0,0,0,5.4506699362176825,0.20786883534501538,,5.353316945351225,0.14056816049783755,,5.268412882588904,0.25975964529049556,,3.0,0.05144566479772252,0.10005464060354789,0.007759993352668454,0.07661914020657079,0.0708214336247055,0.07661914020657079,0.0714353487664548,0.26680205284778924,0.019615971833679975,0.21511782985683692,0.012800725147431144,0.012653750939861598,0.0008797215622227839,candidate,True,0.0004950279274858211,0.0003377956310686159,True,ok,0.1,0.06732995808124542,0.13014816702343524,0.19747812510468066,True,330711040,
platen,1,0.01,seeded_policy,1.0,float64,ok,,300,3.0,0.07381664065178484,1.1498340829275548,18.183491141897754,3.6231664940757957,0,0,0,5.421809483683738,0.21034129846219812,,5.264066144925311,0.14170852326328848,,5.257754698296634,0.258803520605778,,3.0,0.23017247113879782,0.43432311800043605,0.059331722830944275,0.5667204295795543,0.5667204295795543,0.5513165787483905,0.5370019104464965,0.23794160031384454,0.02644360639421639,0.12586702943092312,0.02200186653833668,0.0019955666475934245,0.0019529826983601408,candidate,True,0.0004950279274858211,0.0003377956310686159,True,ok,0.1,0.0032417079200968146,0.014952917001210153,0.018194624921306968,True,232685568,
platen,2,0.005,seeded_policy,1.0,float64,ok,,600,3.0,0.11423983704298735,1.1274855420924723,18.255109282501017,3.623619969124852,0,0,0,5.216335739255668,0.19314418092355917,,5.166588517504433,0.13545606195327461,,5.256260588243642,0.2583391973547546,,3.0,0.06484633183209465,0.113301379038833,0.014429647953229688,0.14618277424486337,0.14183844442774962,0.14618277424486337,0.14263948397183931,0.032467855885774596,0.008549561680091728,0.02838940201004591,0.0074313614100489965,0.0005014565946019922,0.0010219213116444891,candidate,True,0.0004950279274858211,0.0003377956310686159,True,ok,0.1,0.005892707966268063,0.01738112501334399,0.023273832979612052,True,241647616,
platen,4,0.0025,seeded_policy,1.0,float64,ok,,1200,3.0,0.2196379582164809,1.3530921660130844,18.255508228769976,3.6327468155303313,0,0,0,5.190949054109413,0.192418236012269,,5.145028503656884,0.1321755731091168,,5.2560573166206765,0.25884987923441394,,3.0,0.022663831055716857,0.03413089910396645,0.003897713551992323,0.03687112123846781,0.03475292623635973,0.03687112123846781,0.03578824948861215,0.007081170739519296,0.003066275782011554,0.006829388162496971,0.0020523361656419816,0.00029818497163499604,0.0007282764563611437,candidate,True,0.0004950279274858211,0.0003377956310686159,True,ok,0.1,0.01022745796944946,0.02352583291940391,0.03375329088885337,True,244973568,
platen,8,0.00125,seeded_policy,1.0,float64,ok,,2400,3.0,0.38004046597052366,1.494901292026043,18.25549778074149,3.636509315691216,0,0,0,5.18582257763058,0.1935046569054811,,5.139220834658314,0.13144569865776753,,5.255605677608544,0.2589716660599928,,3.0,0.00956390026502914,0.012851305006951964,0.001202517952363749,0.011671126197544623,0.011007411057978977,0.011671126197544623,0.01113059990454763,0.001954694260685771,0.001558747300134197,0.0010217191639272185,0.0013335397371878777,-0.00015345404049718175,0.0003746830920198658,candidate,True,0.0004950279274858211,0.0003377956310686159,True,ok,0.1,0.017875541001558304,0.043859707890078425,0.06173524889163673,True,245923840,
platen,16,0.000625,seeded_policy,1.0,float64,ok,,4800,3.0,0.7812446645693853,2.1373100420460105,18.25518404180876,3.6378528664979655,0,0,0,5.183961242427362,0.19325227326753766,,5.138085750383253,0.13163584614650903,,5.25563484331116,0.25892578001091,,3.0,0.0045423906300735275,0.0056056134110368345,0.0004744629775147149,0.0037334506487587404,0.0037334506487587404,0.0036248863829140276,0.0033318650497757146,9.335905746945207e-05,0.0006045668354407633,-0.00011336511113601459,0.0005738264321029113,-0.00012428833788061147,0.00015844319295058268,candidate,True,0.0004950279274858211,0.0003377956310686159,True,ok,0.1,0.03575254196766764,0.0703156249364838,0.10606816690415144,True,281067520,
platen,32,0.0003125,seeded_policy,1.0,float64,ok,,9600,3.0,1.5049153422005475,3.110323042026721,18.255070957350707,3.6375890415024044,0,0,0,5.183820669648571,0.1931897725515699,,5.138197671070865,0.1316378063956656,,5.255744496155865,0.258932817909201,,3.0,0.0022224942002895243,0.0027182469929979878,0.00021538730731815198,0.001997541330446495,0.001997541330446495,0.0018541026653666748,0.0018351954467388243,-4.7213721322114665e-05,0.000337791379964886,-1.4444235235022676e-06,0.000328115220186961,-1.463549317694548e-05,8.811726456516357e-05,candidate,True,0.0004950279274858211,0.0003377956310686159,False,ok,0.1,0.06947629200294614,0.13093329104594886,0.200409583048895,True,333955072,
platen,64,0.00015625,seeded_policy,1.0,float64,ok,,19200,3.0,2.9346055276691914,5.0355424580629915,18.255092223539354,3.6378189949749107,0,0,0,5.1839596234383105,0.19327385514345247,,5.138057419841359,0.1317417630195352,,5.255717130678342,0.2589294409974021,,3.0,0.0009879838311461133,0.0012495320701398857,8.958438388970556e-05,0.0006914262448205477,0.0006914262448205477,0.000654232105567587,0.0006204485674559668,9.174006841778492e-05,0.0001247255459247292,-0.0001416956530287794,0.00016136704379910355,-4.200097069961383e-05,3.665875678288317e-05,candidate,True,0.0004950279274858211,0.0003377956310686159,False,ok,0.1,0.1437034159898758,0.2714583339402452,0.415161749930121,True,430604288,
